{
  "demonstration_path": "src/cartpole_gazebo/demonstrations/",
  "ergodic_system": {
    "K": 2,
    "dt": 0.1,
    "L": [
      [-15, 15],
      [-15, 15],
      [-3.14159, 3.14159],
      [-11, 11]
    ],
    "E": [1, -1, -1, -1, -1, -1, 1, 1, 1, -1, -1, -1, 1, -1]
  },
  "dynamic_system":{
    "x0": [0, 0, 3.1415926, 0],
    "t0": 0,
    "tf": 3,
    "A": [
      [0, 1, 0, 0],
      [0, -0.15, 9.81, 0],
      [0, 0, 0, 1],
      [0, -0.19999999999999998, -26.16, 0]
    ],
    "B": [
      [0],
      [0.05],
      [0],
      [0.06666667]
    ]
  }
}